country_name,cowc,cown,fao,fips104,imf,iso2c,iso3c,iso3n,un,wb,regex,continent,region
Afghanistan,AFG,700,2,AF,512,AF,AFG,4,4,AFG,.*afghanistan.*,Asia,Southern Asia
Aland Islands,,,,,,AX,ALA,248,248,ALA,.*(?<!new ze)aland.*,Europe,Northern Europe
Albania,ALB,339,3,AL,914,AL,ALB,8,8,ALB,.*albania.*,Europe,Southern Europe
Algeria,ALG,615,4,AG,612,DZ,DZA,12,12,DZA,.*algeria.*,Africa,Northern Africa
American Samoa,,,,AS,859,AS,ASM,16,16,ASM,.*americ.*samoa.*|.*samoa.*americ.*,Oceania,Polynesia
Andorra,AND,232,6,AN,,AD,AND,20,20,ADO,.*andorra.*,Europe,Southern Europe
Angola,ANG,540,7,AO,614,AO,AGO,24,24,AGO,.*angola.*,Africa,Middle Africa
Anguilla,,,,AV,312,AI,AIA,660,660,AIA,.*anguilla.*,Americas,Caribbean
Antarctica,,,,AY,,AQ,ATA,10,,ATA,.*antarctica.*,,
Antigua And Barbuda,AAB,58,8,AC,311,AG,ATG,28,28,ATG,.*antigua.*,Americas,Caribbean
Argentina,ARG,160,9,AR,213,AR,ARG,32,32,ARG,.*argentina.*,Americas,South America
Armenia,ARM,371,1,AM,911,AM,ARM,51,51,ARM,.*armenia.*,Asia,Western Asia
Aruba,,,,AA,314,AW,ABW,533,533,ABW,.*aruba.*,Americas,Caribbean
Australia,AUL,900,10,AS,193,AU,AUS,36,36,AUS,.*australia.*,Oceania,Australia and New Zealand
Austria,AUS,305,11,AU,122,AT,AUT,40,40,AUT,.*austria.*|.*aust.*emp.*,Europe,Western Europe
Austria-Hungary,AUH,300,,,,,,,,,,,
Azerbaijan,AZE,373,52,AJ,912,AZ,AZE,31,31,AZE,.*azerbaijan.*,Asia,Western Asia
Baden,BAD,267,,,,,,,,,,,
Bahamas,BHM,31,12,BF,313,BS,BHS,44,44,BHS,.*ahamas.*,Americas,Caribbean
Bahrain,BAH,692,13,BA,419,BH,BHR,48,48,BHR,.*bahrain.*,Asia,Western Asia
Bangladesh,BNG,771,16,BG,513,BD,BGD,50,50,BGD,.*bangladesh.*,Asia,Southern Asia
Barbados,BAR,53,14,BB,316,BB,BRB,52,52,BRB,.*barbados.*,Americas,Caribbean
Bavaria,BAV,245,,,,,,,,,,,
Belarus,BLR,370,57,BO,913,BY,BLR,112,112,BLR,.*belarus.*,Europe,Eastern Europe
Belgium,BEL,211,255,BE,124,BE,BEL,56,56,BEL,.*(?!.*luxemb)belgium(?!.*luxemb).*,Europe,Western Europe
Belize,BLZ,80,23,BH,339,BZ,BLZ,84,84,BLZ,.*belize.*,Americas,Central America
Benin,BEN,434,53,BN,638,BJ,BEN,204,204,BEN,.*benin.*|.*dahome.*,Africa,Western Africa
Bermuda,,,,,319,BM,BMU,60,60,BMU,.*bermuda.*,Americas,Northern America 
Bhutan,BHU,760,18,BT,514,BT,BTN,64,64,BTN,.*bhutan.*,Asia,Southern Asia
"Bolivia, Plurinational State Of",BOL,145,19,BL,218,BO,BOL,68,68,BOL,.*bolivia.*,Americas,South America
Bosnia And Herzegovina,BOS,346,80,BK,963,BA,BIH,70,70,BIH,.*herzegovina.*|.*bosnia.*,Europe,Southern Europe
Botswana,BOT,571,20,BC,616,BW,BWA,72,72,BWA,.*botswana.*,Africa,Southern Africa
Bouvet Island,,,,,,BV,BVT,74,,BVT,.*bouvet.*,,
Brazil,BRA,140,21,BR,223,BR,BRA,76,76,BRA,.*brazil.*,Americas,South America
British Indian Ocean Territory,,,,,,IO,IOT,86,,IOT,.*british indian ocean territory.*,,
Brunei Darussalam,BRU,835,,BX,516,BN,BRN,96,96,BRN,.*brunei.*,Asia,South-Eastern Asia
Bulgaria,BUL,355,27,BU,918,BG,BGR,100,100,BGR,.*bulgaria.*,Europe,Eastern Europe
Burkina Faso,BFO,439,233,UV,748,BF,BFA,854,854,BFA,.*burkina.*|.*faso.*,Africa,Western Africa
Burundi,BUI,516,29,BY,618,BI,BDI,108,108,BDI,.*burundi.*,Africa,Eastern Africa
Cambodia,CAM,811,115,CB,522,KH,KHM,116,116,KHM,.*cambodia.*|.*kampuchea.*|.*khmer.*,Asia,South-Eastern Asia
Cameroon,CAO,471,32,CM,622,CM,CMR,120,120,CMR,.*cameroon.*,Africa,Middle Africa
Canada,CAN,20,33,CA,156,CA,CAN,124,124,CAN,.*canada.*,Americas,Northern America 
Cape Verde,CAP,402,35,CV,624,CV,CPV,132,132,CPV,.*verde.*,Africa,Western Africa
Cayman Islands,,,,CJ,377,KY,CYM,136,136,CYM,.*cayman.*,Americas,Caribbean
Central African Republic,CEN,482,37,CT,626,CF,CAF,140,140,CAF,.*cen.*afr.*,Africa,Middle Africa
Chad,CHA,483,39,CD,628,TD,TCD,148,148,TCD,.*chad.*,Africa,Middle Africa
Chile,CHL,155,40,CI,228,CL,CHL,152,152,CHL,.*chile.*,Americas,South America
China,CHN,710,351,CH,924,CN,CHN,156,156,CHN,(?:(?!mac))(?:(?!hong)).*china(?!.*kong)(?!.*mac).*,Asia,Eastern Asia
Christmas Island,,,,CX,,CX,CXR,162,,CXR,.*christmas.*,,
Cocos (Keeling) Islands,,,,,,CC,CCK,166,,CCK,.*cocos.*,,
Colombia,COL,100,44,CO,233,CO,COL,170,170,COL,.*colombia.*,Americas,South America
Comoros,COM,581,45,CN,632,KM,COM,174,174,COM,.*comoro.*,Africa,Eastern Africa
"Congo, Republic Of",CON,484,46,CF,634,CG,COG,178,178,COG,^(.(?<!dem))*congo(.(?!dem))*$,Africa,Middle Africa
"Congo, The Democratic Republic Of",DRC,490,250,CG,636,CD,COD,180,180,ZAR,.*dem.*congo.*|.*congo.*dem.*|.congo.*dr.*|.*dr.*congo.*|.*zaire.*|.*congo.*br.,Africa,Middle Africa
Cook Islands,,,47,CW,815,CK,COK,184,184,COK,.*cook.*,Oceania,Polynesia
Costa Rica,COS,94,48,CS,238,CR,CRI,188,188,CRI,.*costa rica.*,Americas,Central America
Cote D'Ivoire,CDI,437,107,IV,662,CI,CIV,384,384,CIV,.*ivoire.*|.*ivory.*,Africa,Western Africa
Croatia,CRO,344,98,HR,960,HR,HRV,191,191,HRV,.*croatia.*,Europe,Southern Europe
Cuba,CUB,40,49,CU,928,CU,CUB,192,192,CUB,.*cuba.*,Americas,Caribbean
Curacao,,,,UC,,CW,CUW,531,531,CUW,.*curacao.*,Americas,Caribbean
Cyprus,CYP,352,50,CY,423,CY,CYP,196,196,CYP,.*cyprus.*,Asia,Western Asia
Czech Republic,CZR,316,167,EZ,935,CZ,CZE,203,203,CZE,.*czech.*rep.*|.*rep.*czech.*,Europe,Eastern Europe
Czechoslovakia,CZE,315,,,,,,,,,.*czechoslovakia.*,,
Denmark,DEN,390,54,DA,128,DK,DNK,208,208,DNK,.*denmark.*,Europe,Northern Europe
Djibouti,DJI,522,72,DJ,611,DJ,DJI,262,262,DJI,.*djibouti.*,Africa,Eastern Africa
Dominica,DMA,54,55,DO,321,DM,DMA,212,212,DMA,.*dominica(?!n)(?!.*rep).*,Americas,Caribbean
Dominican Republic,DOM,42,56,DR,243,DO,DOM,214,214,DOM,.*domin.*rep.*|.*rep.*domin.*,Americas,Caribbean
Ecuador,ECU,130,58,EC,248,EC,ECU,218,218,ECU,.*ecuador.*,Americas,South America
Egypt,EGY,651,59,EG,469,EG,EGY,818,818,EGY,.*egypt.*,Africa,Northern Africa
El Salvador,SAL,92,60,ES,253,SV,SLV,222,222,SLV,.*el.*salvador.*,Americas,Central America
Equatorial Guinea,EQG,411,61,EK,642,GQ,GNQ,226,226,GNQ,.*guine.*equa.*|.*eq.*guine.*,Africa,Middle Africa
Eritrea,ERI,531,178,ER,643,ER,ERI,232,232,ERI,.*eritrea.*,Africa,Eastern Africa
Estonia,EST,366,63,EN,939,EE,EST,233,233,EST,.*estonia.*,Europe,Northern Europe
Ethiopia,ETH,530,238,ET,644,ET,ETH,231,231,ETH,.*ethiopia.*|.*abyssinia.*,Africa,Eastern Africa
Falkland Islands (Malvinas),,,,FK,323,FK,FLK,238,238,FLK,.*falkland.*|.*malvinas.*,Americas,South America
Faroe Islands,,,64,FO,816,FO,FRO,234,234,FRO,.*faroe.*|.*faeroe.*,Europe,Northern Europe
Fiji,FIJ,950,66,FJ,819,FJ,FJI,242,242,FJI,.*fiji.*,Oceania,Melanesia
Finland,FIN,375,67,FI,172,FI,FIN,246,246,FIN,.*finland.*,Europe,Northern Europe
France,FRN,220,68,FR,132,FR,FRA,250,250,FRA,.*france.*,Europe,Western Europe
French Guiana,,,,FG,333,GF,GUF,254,254,GUF,.*french guiana.*,Americas,South America
French Polynesia,,,,FP,887,PF,PYF,258,258,PYF,.*french polynesia.*,Oceania,Polynesia
French Southern Territories,,,,,,TF,ATF,260,,ATF,.*french.*southern.*territories.*,,
Gabon,GAB,481,74,GB,646,GA,GAB,266,266,GAB,.*gabon.*,Africa,Middle Africa
Gambia,GAM,420,75,GA,648,GM,GMB,270,270,GMB,.*gambia.*,Africa,Western Africa
Georgia,GRG,372,73,GG,915,GE,GEO,268,268,GEO,(?<!south)georgia.*,Asia,Western Asia
German Democratic Republic,GDR,265,,,,,,,,,.*german.*democratic.*republic.*,,
German Federal Republic,GFR,260,,,,,,,,,,,
Germany,GMY,255,79,GM,134,DE,DEU,276,276,DEU,.*germany.*|.*baden.*|.*bavaria.*|.*german.*fed.*rep.*|.*fed.*rep.*german.*,Europe,Western Europe
Ghana,GHA,452,81,GH,652,GH,GHA,288,288,GHA,.*ghana.*,Africa,Western Africa
Gibraltar,,,,GI,823,GI,GIB,292,292,GIB,.*gibraltar.*,Europe,Southern Europe
Greece,GRC,350,84,GR,174,GR,GRC,300,300,GRC,.*greece.*,Europe,Southern Europe
Greenland,,,,GL,326,GL,GRL,304,304,GRL,.*greenland.*,Americas,Northern America 
Grenada,GRN,55,86,GJ,328,GD,GRD,308,308,GRD,.*grenada.*,Americas,Caribbean
Guadeloupe,,,,GP,329,GP,GLP,312,312,GLP,.*guadeloupe.*,Americas,Caribbean
Guam,,,,GU,829,GU,GUM,316,316,GUM,.*guam.*,Oceania,Micronesia
Guatemala,GUA,90,89,GT,258,GT,GTM,320,320,GTM,.*guatemala.*,Americas,Central America
Guernsey,,,,GK,,GG,GGY,831,831,GGY,.*guernsey.*,Europe,Northern Europe
Guinea,GUI,438,90,GV,656,GN,GIN,324,324,GIN,(?<!equat)guinea(?!.*biss).*,Africa,Western Africa
Guinea-Bissau,GNB,404,175,PU,654,GW,GNB,624,624,GNB,.*bissau.*|.*guinea.*au.*,Africa,Western Africa
Guyana,GUY,110,91,GY,336,GY,GUY,328,328,GUY,.*guyana.*,Americas,South America
Haiti,HAI,41,93,HA,263,HT,HTI,332,332,HTI,.*haiti.*,Americas,Caribbean
Hanover,HAN,240,,,,,,,,,.*hanover.*,,
Heard Island And Mcdonald Islands,,,,,,HM,HMD,334,,HMD,.*heard.*mcdonald.*,,
Hesse Electoral,HSE,273,,,,,,,,,.*hesse.*lectoral.*,,
Hesse Grand Ducal,HSG,275,,,,,,,,,.*hess.*gran.*ducal.*,,
Holy See (Vatican City State),PAP,327,,VT,,VA,VAT,336,336,VAT,.*holy see.*|.*vatican.*|.*papal.*st.*,Europe,Southern Europe
Honduras,HON,91,95,HO,268,HN,HND,340,340,HND,.*honduras.*,Americas,Central America
Hong Kong,,,,,532,HK,HKG,344,344,HKG,.*hong\s*kong.*,Asia,Eastern Asia
Hungary,HUN,310,97,HU,944,HU,HUN,348,348,HUN,.*hungary.*,Europe,Eastern Europe
Iceland,ICE,395,99,IC,176,IS,ISL,352,352,ISL,.*iceland.*,Europe,Northern Europe
India,IND,750,100,IN,534,IN,IND,356,356,IND,.*india(?!.*ocea).*,Asia,Southern Asia
Indonesia,INS,850,101,ID,536,ID,IDN,360,360,IDN,.*indonesia.*,Asia,South-Eastern Asia
"Iran, Islamic Republic Of",IRN,630,102,IR,429,IR,IRN,364,364,IRN,.*iran.*|.*persia.*,Asia,Southern Asia
Iraq,IRQ,645,103,IZ,433,IQ,IRQ,368,368,IRQ,.*iraq.*,Asia,Western Asia
Ireland,IRE,205,104,EI,178,IE,IRL,372,372,IRL,.*ireland.*,Europe,Northern Europe
Isle Of Man,,,,IM,,IM,IMN,833,833,IMY,.*isle.*man.*|.*man.*isle.*,Europe,Northern Europe
Israel,ISR,666,105,IS,436,IL,ISR,376,376,ISR,.*israel.*,Asia,Western Asia
Italy,ITA,325,106,IT,136,IT,ITA,380,380,ITA,.*italy.*,Europe,Southern Europe
Jamaica,JAM,51,109,JM,343,JM,JAM,388,388,JAM,.*jamaica.*,Americas,Caribbean
Japan,JPN,740,110,JA,158,JP,JPN,392,392,JPN,.*japan.*,Asia,Eastern Asia
Jersey,,,,,,JE,JEY,832,832,JEY,.*jersey.*,Europe,Northern Europe
Jordan,JOR,663,112,JO,439,JO,JOR,400,400,JOR,.*jordan.*,Asia,Western Asia
Kazakhstan,KZK,705,108,KZ,916,KZ,KAZ,398,398,KAZ,.*kazak.*,Asia,Central Asia
Kenya,KEN,501,114,KE,664,KE,KEN,404,404,KEN,.*kenya.*,Africa,Eastern Africa
Kiribati,KIR,946,83,KR,826,KI,KIR,296,296,KIR,.*kiribati.*,Oceania,Micronesia
Korea,KOR,730,,,,,,,,,,,
"Korea, Democratic People'S Republic Of",PRK,731,116,KN,,KP,PRK,408,408,PRK,peo.*dem.*korea.*|.*north korea.*|.*korea.*peo.*dem.*|.*korea.*north.*|.*korea.*pr.*|korea.*dem.*peo.*rep.*|'.*dem.*rep.*korea.*|.*korea.*dem.*rep.*,Asia,Eastern Asia
"Korea, Republic Of",ROK,732,117,KS,542,KR,KOR,410,410,KOR,.*(?!.*dem)(?!.*nor)(?!.*peo)korea(?!.*nor)(?!.*peo)(?!.*dem).*,Asia,Eastern Asia
Kosovo,KOS,347,,KV,,,,,,KSV,.*kosovo.*,,
Kuwait,KUW,690,118,KU,443,KW,KWT,414,414,KWT,.*kuwait.*,Asia,Western Asia
Kyrgyzstan,KYR,703,113,KG,917,KG,KGZ,417,417,KGZ,.*kyrgyz.*,Asia,Central Asia
Lao People'S Democratic Republic,LAO,812,120,LA,544,LA,LAO,418,418,LAO,.*lao.*,Asia,South-Eastern Asia
Latvia,LAT,367,119,LG,941,LV,LVA,428,428,LVA,.*latvia.*,Europe,Northern Europe
Lebanon,LEB,660,121,LE,446,LB,LBN,422,422,LBN,.*lebanon.*,Asia,Western Asia
Lesotho,LES,570,122,LT,666,LS,LSO,426,426,LSO,.*lesotho.*,Africa,Southern Africa
Liberia,LBR,450,123,LI,668,LR,LBR,430,430,LBR,.*liberia.*,Africa,Western Africa
Libyan Arab Jamahiriya,LIB,620,124,LY,672,LY,LBY,434,434,LBY,.*libya.*,Africa,Northern Africa
Liechtenstein,LIE,223,,LS,,LI,LIE,438,438,LIE,.*liecht.*stein.*,Europe,Western Europe
Lithuania,LIT,368,126,LH,946,LT,LTU,440,440,LTU,.*lithuania.*,Europe,Northern Europe
Luxembourg,LUX,212,256,LU,137,LU,LUX,442,442,LUX,.*(?!.*belgium)luxembourg(?!.*belgium).*,Europe,Western Europe
Macao,,,,MC,546,MO,MAC,446,446,MAC,.*macao.*|.*macau.*,Asia,Eastern Asia
"Macedonia, The Former Yugoslav Republic Of",MAC,343,154,MK,962,MK,MKD,807,807,MKD,.*macedonia.*,Europe,Southern Europe
Madagascar,MAG,580,129,MA,674,MG,MDG,450,450,MDG,.*madagascar.*|.*malagasy.*,Africa,Eastern Africa
Malawi,MAW,553,130,MI,676,MW,MWI,454,454,MWI,.*malawi.*,Africa,Eastern Africa
Malaysia,MAL,820,131,MY,548,MY,MYS,458,458,MYS,.*malaysia.*,Asia,South-Eastern Asia
Maldives,MAD,781,132,MV,556,MV,MDV,462,462,MDV,.*maldive.*,Asia,Southern Asia
Mali,MLI,432,133,ML,678,ML,MLI,466,466,MLI,^[^\w]*mali|rep.* mali,Africa,Western Africa
Malta,MLT,338,134,MT,181,MT,MLT,470,470,MLT,.*malta.*,Europe,Southern Europe
Marshall Islands,MSI,983,127,RM,867,MH,MHL,584,584,MHL,.*marshall.*,Oceania,Micronesia
Martinique,,,,MB,349,MQ,MTQ,474,474,MTQ,.*martinique.*,Americas,Caribbean
Mauritania,MAA,435,136,MR,682,MR,MRT,478,478,MRT,.*mauritania.*,Africa,Western Africa
Mauritius,MAS,590,137,MP,684,MU,MUS,480,480,MUS,.*mauritius.*,Africa,Eastern Africa
Mayotte,,,,,,YT,MYT,175,175,MYT,.*mayotte.*,Africa,Eastern Africa
Mecklenburg Schwerin,MEC,280,,,,,,,,,.*mecklenbur.*schwerin.*,,
Mexico,MEX,70,138,MX,273,MX,MEX,484,484,MEX,.*mexico.*,Americas,Central America
"Micronesia, Federated States Of",FSM,987,145,FM,868,FM,FSM,583,583,FSM,.*micronesia.*,Oceania,Micronesia
Modena,MOD,332,,,,,,,,,.*modena.*,,
"Moldova, Republic Of",MLD,359,146,MD,921,MD,MDA,498,498,MDA,.*moldova.*,Europe,Eastern Europe
Monaco,MNC,221,140,MN,,MC,MCO,492,492,MCO,.*monaco.*,Europe,Western Europe
Mongolia,MON,712,141,MG,948,MN,MNG,496,496,MNG,.*mongolia.*,Asia,Eastern Asia
Montenegro,MNG,341,273,MJ,943,ME,MNE,499,499,MNE,(?<!serbia)montenegro.*,Europe,Southern Europe
Montserrat,,,,MH,351,MS,MSR,500,500,MSR,.*montserrat.*,Americas,Caribbean
Morocco,MOR,600,143,MO,686,MA,MAR,504,504,MAR,.*morocco.*,Africa,Northern Africa
Mozambique,MZM,541,144,MZ,688,MZ,MOZ,508,508,MOZ,.*mozambique.*,Africa,Eastern Africa
Myanmar,MYA,775,28,BM,518,MM,MMR,104,104,MMR,.*myanmar.*|.*burma.*,Asia,South-Eastern Asia
Namibia,NAM,565,147,WA,,,NAM,516,516,NAM,.*namibia.*,Africa,Southern Africa
Nauru,NAU,970,148,NR,836,NR,NRU,520,520,NRU,.*nauru.*,Oceania,Micronesia
Nepal,NEP,790,149,NP,558,NP,NPL,524,524,NPL,.*nepal.*,Asia,Southern Asia
Netherlands,NTH,210,150,NL,138,NL,NLD,528,528,NLD,.*netherlands(?!.*ant).*,Europe,Western Europe
Netherlands Antilles,,,,,353,AN,ANT,530,,ANT,.*netherl.*ant.*,Americas,Caribbean
New Caledonia,,,,NC,839,NC,NCL,540,540,NCL,.*new caledonia.*,Oceania,Melanesia
New Zealand,NEW,920,156,NZ,196,NZ,NZL,554,554,NZL,.*new zealand.*,Oceania,Australia and New Zealand
Nicaragua,NIC,93,157,NU,278,NI,NIC,558,558,NIC,.*nicaragua.*,Americas,Central America
Niger,NIR,436,158,NG,692,NE,NER,562,562,NER,.*niger(?!ia).*,Africa,Western Africa
Nigeria,NIG,475,159,NI,694,NG,NGA,566,566,NGA,.*nigeria.*,Africa,Western Africa
Niue,,,160,NE,,NU,NIU,570,570,NIU,.*niue.*,Oceania,Polynesia
Norfolk Island,,,,,,NF,NFK,574,574,NFK,.*norfolk.*,Oceania,Australia and New Zealand
Northern Mariana Islands,,,,CQ,,MP,MNP,580,580,MNP,.*mariana.*,Oceania,Micronesia
Norway,NOR,385,162,NO,142,NO,NOR,578,578,NOR,.*norway.*,Europe,Northern Europe
Oman,OMA,698,221,MU,449,OM,OMN,512,512,OMN,^[^r]*oman.*,Asia,Western Asia
Pakistan,PAK,770,165,PK,564,PK,PAK,586,586,PAK,.*pakistan.*,Asia,Southern Asia
Palau,PAL,986,180,PS,565,PW,PLW,585,585,PLW,.*palau.*,Oceania,Micronesia
"Palestinian Territory, Occupied",,,,,,PS,PSE,275,275,WBG,.*palestin.*|.*gaza.*|.*west.bank.*,Asia,Western Asia
Panama,PAN,95,166,PM,283,PA,PAN,591,591,PAN,.*panama.*,Americas,Central America
Papua New Guinea,PNG,910,168,PP,853,PG,PNG,598,598,PNG,.*papua new g.*,Oceania,Melanesia
Paraguay,PAR,150,169,PA,288,PY,PRY,600,600,PRY,.*paraguay.*,Americas,South America
Parma,PMA,335,,,,,,,,,.*parma.*,,
Peru,PER,135,170,PE,293,PE,PER,604,604,PER,.*peru.*,Americas,South America
Philippines,PHI,840,171,RP,566,PH,PHL,608,608,PHL,.*philippines.*,Asia,South-Eastern Asia
Pitcairn,,,,,,PN,PCN,612,612,PCN,.*pitcairn.*,Oceania,Polynesia
Poland,POL,290,173,PL,964,PL,POL,616,616,POL,.*poland.*,Europe,Eastern Europe
Portugal,POR,235,174,PO,182,PT,PRT,620,620,PRT,.*portugal.*,Europe,Southern Europe
Puerto Rico,,,,RQ,,PR,PRI,630,630,PRI,.*puerto rico.*,Americas,Caribbean
Qatar,QAT,694,179,QA,453,QA,QAT,634,634,QAT,.*qatar.*,Asia,Western Asia
Republic of Vietnam,RVN,817,,,,,,,,,,,
Reunion,,,,RE,696,RE,REU,638,638,REU,r.*union.*,Africa,Eastern Africa
Romania,ROM,360,183,RO,968,RO,ROU,642,642,ROM,.*romania.*,Europe,Eastern Europe
Russian Federation,RUS,365,185,RS,922,RU,RUS,643,643,RUS,.*russia.*|.*ussr.*|.*soviet.*|.*u\.s\.s\.r\..*,Europe,Eastern Europe
Rwanda,RWA,517,184,RW,714,RW,RWA,646,646,RWA,.*rwanda.*,Africa,Eastern Africa
Saint Barthelemy,,,,,,BL,BLM,652,652,BLM,.*barth.*lemy.*,Americas,Caribbean
Saint Helena,,,,SH,856,SH,SHN,654,654,SHN,.*helena.*,Africa,Western Africa
Saint Kitts And Nevis,SKN,60,188,SC,361,KN,KNA,659,659,KNA,.*kitt.*nev.*|.*christopher.*nev.*,Americas,Caribbean
Saint Lucia,SLU,56,189,ST,362,LC,LCA,662,662,LCA,.*lucia.*,Americas,Caribbean
Saint Martin,,,,,,MF,MAF,663,663,MAF,.*sa.*martin.*|.*st.*martin.*,Americas,Caribbean
Saint Pierre And Miquelon,,,,,363,PM,SPM,666,666,SPM,.*miquelon.*,Americas,Northern America 
Saint Vincent And The Grenadines,SVG,57,191,VC,364,VC,VCT,670,670,VCT,.*vincent.*,Americas,Caribbean
Samoa,WSM,990,244,SM,862,WS,WSM,882,882,WSM,^samoa$|.*w.*samoa.*,Oceania,Polynesia
San Marino,SNM,331,192,SM,135,SM,SMR,674,674,SMR,.*san marino.*,Europe,Southern Europe
Sao Tome And Principe,STP,403,193,TP,716,ST,STP,678,678,STP,.*sao.*principe.*|.*sao.*tome.*,Africa,Middle Africa
Saudi Arabia,SAU,670,194,SA,456,SA,SAU,682,682,SAU,.*sa.*arabia.*,Asia,Western Asia
Saxony,SAX,269,,,,,,,,,.*saxony.*,,
Senegal,SEN,433,195,SG,722,SN,SEN,686,686,SEN,.*senegal.*,Africa,Western Africa
Serbia,,,272,RI,965,RS,SRB,688,688,SRB,.*serbia.*,Europe,Southern Europe
Seychelles,SEY,591,196,SE,718,SC,SYC,690,690,SYC,.*seychell.*,Africa,Eastern Africa
Sierra Leone,SIE,451,197,SL,724,SL,SLE,694,694,SLE,.*sierra.*,Africa,Western Africa
Singapore,SIN,830,,SN,576,SG,SGP,702,702,SGP,.*singapore.*,Asia,South-Eastern Asia
Sint Maarten,,,,NN,,SX,SXM,534,534,SXM,.*sint.*maarten.*|.*saint.*maarten.*|.*st.*maarten.*,Americas,Caribbean
Slovakia,SLO,317,199,LO,936,SK,SVK,703,703,SVK,^slovak.*,Europe,Eastern Europe
Slovenia,SLV,349,198,SI,961,SI,SVN,705,705,SVN,.*slovenia.*,Europe,Southern Europe
Solomon Islands,SOL,940,25,BP,813,SB,SLB,90,90,SLB,.*solomon.*,Oceania,Melanesia
Somalia,SOM,520,201,SO,726,SO,SOM,706,706,SOM,.*somali.*,Africa,Eastern Africa
South Africa,SAF,560,202,SF,199,ZA,ZAF,710,710,ZAF,so.*africa.*,Africa,Southern Africa
South Georgia And The South Sandwich Islands,,,,,,GS,SGS,239,,SGS,.*south.georgia.*|.*sandwich.*,,
South Sudan,SSD,626,,OD,733,SS,SSD,728,728,SSD,.*s.*sudan.*|.*sudan.*s.*,Africa,Northern Africa
Spain,SPN,230,203,SP,184,ES,ESP,724,724,ESP,.*spain.*,Europe,Southern Europe
Sri Lanka,SRI,780,38,CE,524,LK,LKA,144,144,LKA,.*sri.*lanka.*|.*ceylon.*,Asia,Southern Asia
Sudan,SUD,625,206,SU,732,SD,SDN,736,729,SDN,(?!so.*)sudan(?!.*s).*,Africa,Northern Africa
Suriname,SUR,115,207,NS,366,SR,SUR,740,740,SUR,.*surinam.*,Americas,South America
Svalbard And Jan Mayen,,,,SV,,SJ,SJM,744,744,SJM,.*svalbard.*,Europe,Northern Europe
Swaziland,SWA,572,209,WZ,734,SZ,SWZ,748,748,SWZ,.*swaziland.*,Africa,Southern Africa
Sweden,SWD,380,210,SW,144,SE,SWE,752,752,SWE,.*sweden.*,Europe,Northern Europe
Switzerland,SWZ,225,211,SZ,146,CH,CHE,756,756,CHE,.*switzerland.*,Europe,Western Europe
Syrian Arab Republic,SYR,652,212,SY,463,SY,SYR,760,760,SYR,.*syria.*,Asia,Western Asia
"Taiwan, Province Of China",TAW,713,,TW,528,TW,TWN,158,,TWN,.*taiwan.*,,
Tajikistan,TAJ,702,208,TI,923,TJ,TJK,762,762,TJK,.*tajikistan.*,Asia,Central Asia
"Tanzania, United Republic Of",TAZ,510,215,TZ,738,TZ,TZA,834,834,TZA,.*tanzania.*,Africa,Eastern Africa
Thailand,THI,800,216,TH,578,TH,THA,764,764,THA,.*thailand.*|.*siam.*|.*taipei.*,Asia,South-Eastern Asia
Timor-Leste,ETM,860,176,TT,537,TL,TLS,626,626,TMP,.*leste.*|.*east.*timor.*|.*timor.*east.*,Asia,South-Eastern Asia
Togo,TOG,461,217,TO,742,TG,TGO,768,768,TGO,.*togo.*,Africa,Western Africa
Tokelau,,,,TL,,,,772,772,TKL,.*tokelau.*,Oceania,Polynesia
Tonga,TON,955,219,TN,866,TO,TON,776,776,TON,.*tonga.*,Oceania,Polynesia
Trinidad And Tobago,TRI,52,220,TD,369,TT,TTO,780,780,TTO,.*trinidad.*|.*tobago.*,Americas,Caribbean
Tunisia,TUN,616,222,TS,744,TN,TUN,788,788,TUN,.*tunisia.*,Africa,Northern Africa
Turkey,TUR,640,223,TU,186,TR,TUR,792,792,TUR,.*turkey.*,Asia,Western Asia
Turkmenistan,TKM,701,213,TX,925,TM,TKM,795,795,TKM,.*turkmen.*stan.*,Asia,Central Asia
Turks And Caicos Islands,,,,,,TC,TCA,796,796,TCA,.*turks.*,Americas,Caribbean
Tuscany,TUS,337,,,,,,,,,.*tuscany.*,,
Tuvalu,TUV,947,227,TV,,TV,TUV,798,798,TUV,.*tuvalu.*,Oceania,Polynesia
Two Sicilies,SIC,329,,,,,,,,,.*two.*sicilies.*,,
Uganda,UGA,500,226,UG,746,UG,UGA,800,800,UGA,.*uganda.*,Africa,Eastern Africa
Ukraine,UKR,369,230,UP,926,UA,UKR,804,804,UKR,.*ukraine.*,Europe,Eastern Europe
United Arab Emirates,UAE,696,225,AE,466,AE,ARE,784,784,ARE,.*u.*a.*emirates.*,Asia,Western Asia
United Kingdom,UKG,200,229,UK,112,GB,GBR,826,826,GBR,.*united kingdom.*|.*britain.*|uk$,Europe,Northern Europe
United States,USA,2,231,US,111,US,USA,840,840,USA,^united.*states.*|^USA$|^US$,Americas,Northern America 
United States Minor Outlying Islands,,,,,,UM,UMI,581,,UMI,united states minor outlying islands,,
Uruguay,URU,165,234,UY,298,UY,URY,858,858,URY,.*uruguay.*,Americas,South America
Uzbekistan,UZB,704,235,UZ,927,UZ,UZB,860,860,UZB,.*uzbekistan.*,Asia,Central Asia
Vanuatu,VAN,935,155,NH,846,VU,VUT,548,548,VUT,.*vanuatu.*,Oceania,Melanesia
"Venezuela, Bolivarian Republic Of",VEN,101,236,VE,299,VE,VEN,862,862,VEN,.*venezuela.*,Americas,South America
Vietnam,DRV,816,237,VM,582,VN,VNM,704,704,VNM,.*viet.*nam.*,Asia,South-Eastern Asia
"Virgin Islands, British",,,,VI,,VG,VGB,92,92,VGB,.*virgin.*brit.*|.*brit.*virgin.*|.*virgin.*u.*k.*|.*u.*k.*virgin.*,Americas,Caribbean
"Virgin Islands, U.S.",,,,VQ,,VI,VIR,850,850,VIR,.*virgin.*us.*|.*virgin.*u\.s\..*|.*us.*virgin.*,Americas,Caribbean
Wallis And Futuna,,,,WS,,WF,WLF,876,876,WLF,.*futuna.*|.*wallis.*,Oceania,Polynesia
Western Sahara,,,,WI,,EH,ESH,732,732,ESH,.*sahara.*,Africa,Northern Africa
Wuerttemburg,WRT,271,,,,,,,,,.*wuerttemburg.*,,
Yemen,YEM,679,249,YM,474,YE,YEM,887,887,YEM,.*yemen.*,Asia,Western Asia
Yemen Arab Republic,YAR,678,,,,,,,,,,,
Yemen People's Republic,YPR,680,,,,,,,,,,,
Yugoslavia,YUG,345,,,,,,,,,.*yugoslavia.*,,
Zambia,ZAM,551,251,ZA,754,ZM,ZMB,894,894,ZMB,.*zambia.*,Africa,Eastern Africa
Zanzibar,ZAN,511,,,,,,,,,.*zanzibar.*,,
Zimbabwe,ZIM,552,181,ZI,698,ZW,ZWE,716,716,ZWE,.*zimbabwe.*,Africa,Eastern Africa
